[
  {
    "ciudad": "Medellín",
    "barrios": [
      "Popular Nº 1",
      "Popular Nº 2",
      "Santo Domingo Savio Nº 1",
      "Santo Domingo Savio Nº 2",
      "Granizal",
      "Moscú Nº 2",
      "Villa Guadalupe",
      "San Pablo",
      "Aldea Pablo VI",
      "La Esperanza Nº 2",
      "El Compromiso",
      "La Avanzada",
      "Carpinelo",
      "Santa Cruz",
      "La Isla",
      "El Playón de Los Comuneros",
      "Pablo VI",
      "La Frontera",
      "La Francia",
      "Andalucía",
      "Villa del Socorro",
      "Villa Niza",
      "Moscú Nº 1",
      "La Rosa",
      "La Salle",
      "Las Granjas",
      "Campo Valdes Nº 2",
      "Santa Inés",
      "El Raizal",
      "El Pomar",
      "Manrique Central Nº 2",
      "Manrique Oriental",
      "Versalles Nº 1",
      "Versalles Nº 2",
      "La Cruz",
      "La Honda",
      "Oriente",
      "Maria Cano – Carambolas",
      "San José La Cima Nº 1",
      "San José La Cima Nº",
      "Aranjuez",
      "Berlín",
      "San Isidro",
      "Palermo",
      "Bermejal – Los Álamos",
      "Moravia",
      "Sevilla",
      "San Pedro",
      "Manrique Central Nº 1",
      "Campo Valdes Nº 1",
      "Las Esmeraldas",
      "La Piñuela",
      "Brasilia",
      "Miranda",
      "Castilla",
      "Toscana",
      "Héctor Abad Gómez",
      "La Paralela",
      "Las Brisas",
      "Florencia",
      "Tejelo",
      "Boyacá",
      "Belalcazar",
      "Girardot",
      "Tricentenario",
      "Francisco Antonio Zea",
      "Alfonso López",
      "Caribe",
      "El Progreso",
      "Doce de Octubre Nº 1",
      "Doce de Octubre Nº 2",
      "Santander",
      "Pedregal",
      "La Esperanza",
      "San Martín de Porres",
      "Kennedy",
      "Picacho",
      "Picachito",
      "Mirador del Doce",
      "El Progreso Nº 2",
      "El Triunfo",
      "Robledo",
      "El Volador",
      "San Germán",
      "Barrio Facultad de Minas",
      "La Pilarica",
      "Bosques de San Pablo",
      "Altamira",
      "Córdoba",
      "López de Mesa",
      "Aures Nº 1",
      "Aures Nº 2",
      "Bello Horizonte",
      "Villa Flora",
      "Palenque",
      "Cucaracho",
      "Fuente Clara",
      "Santa Margarita",
      "Olaya Herrera",
      "Pajarito",
      "Monteclaro",
      "Villa de La Iguaná",
      "La Cuchilla",
      "La Aurora",
      "Comuna 8: Villa Hermosa",
      "Villa Hermosa",
      "La Mansión",
      "San Miguel",
      "La Ladera",
      "Golondrinas",
      "Batallón Girardot",
      "Llanaditas",
      "Los Mangos",
      "Enciso",
      "Sucre",
      "El Pinal",
      "Trece de Noviembre",
      "La Libertad",
      "Villatina",
      "San Antonio",
      "Las Estancias",
      "Villa Turbay",
      "La Sierra",
      "Villa Lilliam",
      "Esfuerzos de Paz Nº 1",
      "Esfuerzos de Paz Nº 2",
      "Buenos Aires",
      "Caicedo",
      "Juan Pablo II",
      "Ocho de Marzo",
      "Barrios de Jesús",
      "Bomboná Nº 2",
      "Los Cerros – El Vergel",
      "Alejandro Echavarría",
      "Miraflores",
      "Cataluña",
      "La Milagrosa",
      "Gerona",
      "El Salvador",
      "Loreto",
      "Asomadera Nº 1",
      "Asomadera Nº 2",
      "Asomadera Nº 3",
      "Quinta Linda",
      "Barrio Pablo Escobar",
      "La Candelaria",
      "Prado",
      "Jesús Nazareno",
      "El Chagualo",
      "Estación VillaSan Benito",
      "Guayaquil",
      "Corazón de Jesús – Barrio Triste",
      "Calle Nueva",
      "Perpetuo Socorro",
      "Barrio Colón",
      "Las Palmas",
      "Bomboná Nº 1",
      "Boston",
      "Los Ángeles",
      "Villa Nueva",
      "San Diego",
      "Los Conquistadores",
      "Laureles",
      "Carlos E. Restrepo",
      "Suramericana",
      "Naranjal",
      "San Joaquín",
      "Bolivariana",
      "Las Acacias",
      "La Castellana",
      "Lorena",
      "El Velódromo",
      "Estadio",
      "Los Colores",
      "Cuarta Brigada",
      "Florida Nueva",
      "La América",
      "Ferrini",
      "Calasanz",
      "Los Pinos",
      "La Floresta",
      "Santa Lucía",
      "El Danubio",
      "Campo Alegre",
      "Santa Mónica",
      "Barrio Cristóbal",
      "Simón Bolívar",
      "Santa Teresita",
      "Calasanz Parte Alta",
      "San Javier Nº 1",
      "San Javier Nº 2",
      "El Pesebre",
      "Blanquizal",
      "Santa Rosa de Lima",
      "Los Alcázares",
      "Metropolitano",
      "La Pradera",
      "Juan XXIII",
      "La Divisa",
      "Veinte de Julio",
      "Belencito",
      "Betania",
      "El Corazón",
      "Las Independencias",
      "Nuevos Conquistadores",
      "El Salado",
      "Eduardo Santos",
      "Peñitas",
      "Antonio Nariño",
      "El Socorro",
      "Calasania",
      "Castropol",
      "Barrio Colombia",
      "Villa Carlota",
      "Lalinde",
      "Manila",
      "Las Lomas Nº 1",
      "Las Lomas Nº 2",
      "Altos del Poblado",
      "El Tesoro",
      "Los Naranjos",
      "Los Balsos Nº 1",
      "Los Balsos Nº 2",
      "San Lucas",
      "El Diamante",
      "El Castillo",
      "Alejandría",
      "La Florida",
      "El Poblado",
      "Astorga",
      "Patio Bonito",
      "La Aguacatala",
      "Santa María de Los Ángeles",
      "Tenche",
      "Trinidad",
      "Santa Fe",
      "Campo Amor",
      "Cristo Rey",
      "Guayabal",
      "La Colina",
      "Belén",
      "Cerro Nutibara",
      "Fátima",
      "Rosales",
      "Granada",
      "San Bernardo",
      "Las Playas",
      "Diego Echavarria",
      "La Mota",
      "El Rincón",
      "La Hondonada",
      "La Loma de Los Bernal",
      "La Gloria",
      "Altavista",
      "La Palma",
      "Zafra",
      "Los Alpes",
      "Las Violetas",
      "Las Mercedes",
      "Nueva Villa de Aburrá",
      "Miravalle",
      "El Nogal – Los Almendros"
    ]
  },
  {
    "ciudad": "Bello",
    "barrios": [
        "Centro",
        "La 44",
        "Hospital Mental",
        "Manchester",
        "Niquía",
        "Buenos Aires",
        "Hermosa Provincia",
        "López de Mesa",
        "Pérez",
        "Granjas",
        "Andalucía",
        "Trapiche",
        "Pachelly",
        "Santander",
        "París",
        "Camacol",
        "El Mesa",
        "Los Chatas",
        "Paccelli",
        "Cabañas",
        "Madera",
        "Camacol sur",
        "Turbaco",
        "Bello Patio",
        "San Mateo",
        "El Triana"
    ]
  },
  {
    "ciudad": "Envigado",
    "barrios": [
      "Alcalá",
      "Alto de Misael",
      "Bosques de Zúñiga",
      "Bucarest",
      "El Chinguí",
      "El Chocho",
      "El Dorado",
      "El Esmeraldal",
      "El Salado",
      "El Trianón",
      "Franja Centro",
      "Jardines",
      "La Inmaculada",
      "La Magnolia",
      "La Mina",
      "La Paz",
      "La Pradera",
      "La Sebastiana",
      "Las Antillas",
      "Las Flores",
      "Las Orquídeas",
      "Loma de Las Brujas",
      "Loma del Atravesado",
      "Obrero",
      "Pontevedra",
      "San José",
      "San Rafael",
      "Uribe Ángel",
      "Villagrande"
    ]
  },
  {
    "ciudad": "Sabaneta",
    "barrios": [
      "Aliadas del Sur",
      "Ancón Sur",
      "Aves María",
      "Betania",
      "Calle del Banco",
      "Calle Larga",
      "Cañaveralejo",
      "El Carmelo (II)",
      "Entreamigos",
      "Holanda",
      "La Barquereña",
      "La Florida",
      "Las Casitas",
      "Las Lomitas",
      "Lagos de la Doctora",
      "Los Alcázares",
      "Los Arias",
      "Manuel Restrepo",
      "María Auxiliadora",
      "Nuestra Señora de los Dolores",
      "Prados de Sabaneta",
      "Sabaneta Real",
      "San Joaquín",
      "San Rafael",
      "Santa Ana",
      "Tres Esquinas",
      "Vegas de la Doctora",
      "Vegas de San José",
      "Villas del Carmen",
      "Virgen del Carmen"
    ]
  },
  {
  "ciudad":"Itagüí",
  "barrios": [
    "Artex",
    "Zona Industrial No. 1",
    "Villa Paula",
    "Los Naranjos",
    "Centro",
    "Asturias",
    "Playa Rica",
    "San Isidro",
    "Satexco",
    "San Juan Bautista",
    "Las Mercedes",
    "San José",
    "Araucaria",
    "La Gloria",
    "La Independencia",
    "Zona Industrial No. 2",
    "La Santa Cruz",
    "Camparola",
    "San Pío X",
    "Monteverde",
    "La Palma",
    "Montesacro",
    "Las Margaritas",
    "Samaria",
    "Santa Ana",
    "El Palmar",
    "Samaria Robles del Sur",
    "Malta",
    "La Finca",
    "Santa Catalina",
    "Yarumito",
    "Zona Industrial No. 3",
    "San Francisco",
    "Triana",
    "San Antonio",
    "San Gabriel",
    "Las Brisas",
    "Pilsen",
    "Ditaires",
    "San Javier",
    "Bariloche",
    "19 de Abril",
    "Villa Lia",
    "Glorieta Pilsen",
    "Villas de San Antonio",
    "Simón Bolívar",
    "Colinas del Sur",
    "La Mayorista",
    "El Carmelo",
    "El Guayabo",
    "San Fernando",
    "La Esmeralda",
    "Viviendas del Sur",
    "La Hortencia",
    "Villa Ventura",
    "Santa María No. 1",
    "Santa María No. 2",
    "Santa María No. 3",
    "Balcones de Sevilla",
    "La Aldea",
    "Las Américas",
    "Las Acacias",
    "El Tablazo",
    "Calatrava",
    "Loma Linda",
    "Terranova",
    "Ferrara",
    "Fátima",
    "El Rosario",
    "Santa María La Nueva",
    "La Unión",
    "El Progreso",
    "Loma de los Zuleta",
    "Los Olivares",
    "El Porvenir 1",
    "El Porvenir 2",
    "La Villas",
    "San Pablo",
    "Jardines de San José",
    "Tierra Verde",
    "El Arenal"
  ]
},
  {
    "ciudad": "La Estrella",
    "barrios":[
    "Ancón San Martín",
    "Villa Alicia",
    "Villa Mira",
    "Bellavista",
    "Camilo Torres",
    "Caqueta",
    "Centro",
    "Chile",
    "El Dorado",
    "El Pedrero",
    "Escobar",
    "Horizontes",
    "La Chinca",
    "La Ferreira",
    "La Ferrería",
    "La Ospina",
    "Las Brisas",
    "Monterrey",
    "Primavera",
    "Quebrada Grande",
    "San Agustín",
    "San Andrés",
    "San Cayetano",
    "San Vicente",
    "Zona Industrial"
  ]},
  {
    "ciudad": "San Antonio de Prado",
    "barrios":[
    "Cristo Rey",
    "Naranjitos",
    "Los Mesas",
    "La Capilla",
    "Los Salinas",
    "Pradito",
    "Villa Loma",
    "Palo Blanco",
    "Las Coles",
    "María Auxiliadora",
    "La Oculta",
    "La Taboga",
    "El Coco",
    "Pallavesine",
    "Los Patios",
    "El Chispero",
    "San Vicente de Paul",
    "Aragón",
    "Santa Rita",
    "Rosaleda",
    "El Descanso",
    "Limonar 1",
    "Limonar 2",
    "Barichara",
    "El Vergel",
    "La Florida"
  ]
}

]
